DiscountedFixedCost,DiscountedVariableCost,DiscountedTotalCost
4.9975917394176235e9,3.9272336917779794e9,8.924825431195602e9
