DiscountedFixedCost,DiscountedVariableCost,DiscountedTotalCost
1.4878716740728599e12,6.653965563952456e10,1.5544113297123845e12
