DiscountedFixedCost,DiscountedVariableCost,DiscountedTotalCost
1.5513909955842095e12,6.935858716800706e10,1.6207495827522166e12
