FixedCost,VariableCost,TotalCost
2.678356549787295e11,3.1123382469355216e9,2.70947993225665e11
