DiscountedFixedCost,DiscountedVariableCost,DiscountedTotalCost
1.487775102692303e12,6.651537031385556e10,1.5542904730061584e12
