FixedCost,VariableCost,TotalCost
2.6520305816087106e11,3.084822038535053e9,2.6828788019940613e11
