DiscountedFixedCost,DiscountedVariableCost,DiscountedTotalCost
2.351585902296926e11,2.7326185049690814e9,2.3789120873466168e11
