DiscountedFixedCost,DiscountedVariableCost,DiscountedTotalCost
2.3284714149020224e11,2.7084594019744134e9,2.3555560089217667e11
