DiscountedFixedCost,DiscountedVariableCost,DiscountedTotalCost
2.3513905327291382e11,2.727342618527042e9,2.3786639589144086e11
