FixedCost,VariableCost,TotalCost
2.6781344748861676e11,3.1063292328231835e9,2.7091977672143994e11
