FixedCost,VariableCost,TotalCost
1.6383282470897617e12,7.578588625084264e10,1.7141141333406042e12
