DiscountedFixedCost,DiscountedVariableCost,DiscountedTotalCost
4.998309757842317e9,3.9264518448978105e9,8.924761602740128e9
