FixedCost,VariableCost,TotalCost
1.638218156638467e12,7.575822628034044e10,1.7139763829188074e12
