FixedCost,VariableCost,TotalCost
1.7120484156985425e12,7.899653142361407e10,1.7910449471221565e12
